,RMSE,RMSE,MAE,MAE,R2,R2
,mean,std,mean,std,mean,std
Model,,,,,,
gclpr_geo,0.5299353816891812,0.022924085880058943,0.3580808319215017,0.01712000582142645,0.7889365993615411,0.013213652756673456
grclpr_geo,0.5245460759869903,0.021597838210438446,0.3489390833568466,0.014379104649497234,0.7932054093016242,0.012494847982239491
knn,0.5454844827250799,0.020861590852174466,0.3584934210713757,0.010385432375582931,0.7761989174620822,0.015501778729860426
linear,0.7436125740474699,0.021239510643712937,0.5480110473161879,0.011966609291927235,0.5844550031865775,0.016434306274058216
lpr,0.5676297779205803,0.04455904295719337,0.3771624032080738,0.03441583978755479,0.7565601958664878,0.03849912590679547
poly_ridge,0.7314809042523626,0.025684678911443045,0.53378502871227,0.01488937624142275,0.597840521176084,0.020964294780751562
rsklpr,0.5550125030853239,0.017543208370008972,0.37273405678712584,0.009743938192295538,0.7684667444587263,0.011304578666974084
