Fold,Model,RMSE,MAE,R2,Best_Params
1,linear,0.7609364967848603,0.5542280063142407,0.5658216185863303,"{'fit_intercept': True, 'positive': False}"
1,poly_ridge,0.7514067754989646,0.5442028730723514,0.576628538765657,"{'poly__degree': 3, 'poly__interaction_only': True, 'ridge__alpha': 100.0}"
1,knn,0.5733373288016137,0.3773252570544645,0.7535142575093547,"{'leaf_size': 15, 'n_neighbors': 27, 'p': 1, 'weights': 'distance'}"
1,lpr,0.6388981178458901,0.4346508888984954,0.6939202602404595,"{'degree': 0, 'kp': <function laplacian_normalized_metric at 0xf32fb28fd940>, 'kr': 'none', 'metric_x': 'mahalanobis', 'metric_x_params': None, 'size_neighborhood': 57}"
1,rsklpr,0.5702949806357812,0.3823053083579924,0.756123213153125,"{'degree': 1, 'kp': <function laplacian_normalized_metric at 0xf32fb28fd940>, 'kr': 'joint', 'metric_x': 'minkowski', 'metric_x_params': {'p': 1}, 'size_neighborhood': 147}"
1,gclpr_geo,0.5109286327559,0.34363031906047264,0.8042544719980746,"{'degree': 1, 'kp': [<function tricube_normalized_metric at 0xf32fb28fd9e0>, <function haversine_rbf_kernel_factory.<locals>.<lambda> at 0xf32f0964dda0>], 'kr': 'none', 'metric_x': 'minkowski', 'metric_x_params': {'p': 1}, 'size_neighborhood': 127}"
1,grclpr_geo,0.5138841571474618,0.3435209209392728,0.8019832977737538,"{'degree': 1, 'kp': [<function tricube_normalized_metric at 0xf32fb28fd9e0>, <function haversine_rbf_kernel_factory.<locals>.<lambda> at 0xf32f0964dda0>], 'kr': 'conden', 'metric_x': 'minkowski', 'metric_x_params': {'p': 1}, 'size_neighborhood': 137}"
2,linear,0.7362825877297747,0.541918922970539,0.5787357850694488,"{'fit_intercept': True, 'positive': False}"
2,poly_ridge,0.7284424218232672,0.5292323039939689,0.5876595240496334,"{'poly__degree': 3, 'poly__interaction_only': True, 'ridge__alpha': 100.0}"
2,knn,0.5406572315765338,0.35661121728544204,0.77285167362655,"{'leaf_size': 15, 'n_neighbors': 23, 'p': 1, 'weights': 'distance'}"
2,lpr,0.609798340825784,0.4122313515344238,0.7110398291103852,"{'degree': 0, 'kp': <function tricube_normalized_metric at 0xf32fb28fd9e0>, 'kr': 'none', 'metric_x': 'mahalanobis', 'metric_x_params': None, 'size_neighborhood': 137}"
2,rsklpr,0.5437915724095556,0.36378763693663985,0.7702103550646623,"{'degree': 1, 'kp': <function laplacian_normalized_metric at 0xf32fb28fd940>, 'kr': 'joint', 'metric_x': 'minkowski', 'metric_x_params': {'p': 1}, 'size_neighborhood': 147}"
2,gclpr_geo,0.5035288166767844,0.33841691215746195,0.8029782515804533,"{'degree': 1, 'kp': [<function tricube_normalized_metric at 0xf32fb28fd9e0>, <function haversine_rbf_kernel_factory.<locals>.<lambda> at 0xf32f0964dda0>], 'kr': 'none', 'metric_x': 'minkowski', 'metric_x_params': {'p': 1}, 'size_neighborhood': 97}"
2,grclpr_geo,0.5029703734542061,0.33342848500278194,0.8034150267722352,"{'degree': 1, 'kp': [<function tricube_normalized_metric at 0xf32fb28fd9e0>, <function haversine_rbf_kernel_factory.<locals>.<lambda> at 0xf32f0964dda0>], 'kr': 'joint', 'metric_x': 'minkowski', 'metric_x_params': {'p': 1}, 'size_neighborhood': 107}"
3,linear,0.7161623847057208,0.5356898793800515,0.6102502858098973,"{'fit_intercept': True, 'positive': False}"
3,poly_ridge,0.6991361400722749,0.5188304743465368,0.6285620301011097,"{'poly__degree': 3, 'poly__interaction_only': True, 'ridge__alpha': 100.0}"
3,knn,0.5293252043881983,0.3556554799095094,0.7870841758730289,"{'leaf_size': 15, 'n_neighbors': 25, 'p': 1, 'weights': 'distance'}"
3,lpr,0.5277965708043423,0.3537372506362839,0.7883121556300015,"{'degree': 0, 'kp': <function tricube_normalized_metric at 0xf32fb28fd9e0>, 'kr': 'none', 'metric_x': 'minkowski', 'metric_x_params': {'p': 1}, 'size_neighborhood': 37}"
3,rsklpr,0.5338527726553486,0.37215492799243005,0.7834262595088294,"{'degree': 1, 'kp': <function laplacian_normalized_metric at 0xf32fb28fd940>, 'kr': 'conden', 'metric_x': 'minkowski', 'metric_x_params': {'p': 1}, 'size_neighborhood': 147}"
3,gclpr_geo,0.5205577894880222,0.3640297998233502,0.794078975082264,"{'degree': 1, 'kp': [<function laplacian_normalized_metric at 0xf32fb28fd940>, <function haversine_rbf_kernel_factory.<locals>.<lambda> at 0xf32f0964d120>], 'kr': 'none', 'metric_x': 'minkowski', 'metric_x_params': {'p': 2}, 'size_neighborhood': 147}"
3,grclpr_geo,0.5061047147765598,0.3501129396235106,0.8053548627517626,"{'degree': 1, 'kp': [<function laplacian_normalized_metric at 0xf32fb28fd940>, <function haversine_rbf_kernel_factory.<locals>.<lambda> at 0xf32f0964cea0>], 'kr': 'conden', 'metric_x': 'minkowski', 'metric_x_params': {'p': 2}, 'size_neighborhood': 147}"
4,linear,0.7772433022186245,0.5711998423839965,0.5734173321006937,"{'fit_intercept': True, 'positive': False}"
4,poly_ridge,0.7772229930232412,0.563614900029866,0.5734396248307473,"{'poly__degree': 3, 'poly__interaction_only': True, 'ridge__alpha': 100.0}"
4,knn,0.5582653028513443,0.36468677186223003,0.7799251053676345,"{'leaf_size': 15, 'n_neighbors': 21, 'p': 1, 'weights': 'distance'}"
4,lpr,0.5610951570661618,0.36510585774374876,0.777688325454348,"{'degree': 0, 'kp': <function tricube_normalized_metric at 0xf32fb28fd9e0>, 'kr': 'none', 'metric_x': 'minkowski', 'metric_x_params': {'p': 1}, 'size_neighborhood': 37}"
4,rsklpr,0.5761985016989937,0.3858436426572451,0.7655590466318383,"{'degree': 1, 'kp': <function laplacian_normalized_metric at 0xf32fb28fd940>, 'kr': 'joint', 'metric_x': 'minkowski', 'metric_x_params': {'p': 1}, 'size_neighborhood': 147}"
4,gclpr_geo,0.5644854232593954,0.38302633797404395,0.7749936924790374,"{'degree': 1, 'kp': [<function laplacian_normalized_metric at 0xf32fb28fd940>, <function haversine_rbf_kernel_factory.<locals>.<lambda> at 0xf32f0964d120>], 'kr': 'none', 'metric_x': 'minkowski', 'metric_x_params': {'p': 2}, 'size_neighborhood': 147}"
4,grclpr_geo,0.5584001070419109,0.362898347431791,0.7798188096701326,"{'degree': 1, 'kp': [<function tricube_normalized_metric at 0xf32fb28fd9e0>, <function haversine_rbf_kernel_factory.<locals>.<lambda> at 0xf32f0964e020>], 'kr': 'conden', 'metric_x': 'minkowski', 'metric_x_params': {'p': 1}, 'size_neighborhood': 147}"
5,linear,0.7226975816575186,0.5422570805198131,0.5894232225803073,"{'fit_intercept': True, 'positive': False}"
5,poly_ridge,0.7073056241695628,0.524886956513334,0.6067258495566299,"{'poly__degree': 3, 'poly__interaction_only': True, 'ridge__alpha': 100.0}"
5,knn,0.526086382723632,0.34399296401168017,0.7824318594831813,"{'leaf_size': 15, 'n_neighbors': 15, 'p': 1, 'weights': 'distance'}"
5,lpr,0.5299052248290531,0.3494560511589312,0.7792617566685058,"{'degree': 0, 'kp': <function tricube_normalized_metric at 0xf32fb28fd9e0>, 'kr': 'none', 'metric_x': 'minkowski', 'metric_x_params': {'p': 1}, 'size_neighborhood': 37}"
5,rsklpr,0.5352416911056612,0.3655518812048085,0.7747934346664964,"{'degree': 1, 'kp': <function laplacian_normalized_metric at 0xf32fb28fd940>, 'kr': 'conden', 'metric_x': 'minkowski', 'metric_x_params': {'p': 1}, 'size_neighborhood': 147}"
5,gclpr_geo,0.4965365432164104,0.335984372819342,0.8061866841932445,"{'degree': 1, 'kp': [<function tricube_normalized_metric at 0xf32fb28fd9e0>, <function haversine_rbf_kernel_factory.<locals>.<lambda> at 0xf32f0964dda0>], 'kr': 'none', 'metric_x': 'minkowski', 'metric_x_params': {'p': 1}, 'size_neighborhood': 147}"
5,grclpr_geo,0.5037797533651108,0.33874781956457867,0.8004909513775456,"{'degree': 1, 'kp': [<function laplacian_normalized_metric at 0xf32fb28fd940>, <function haversine_rbf_kernel_factory.<locals>.<lambda> at 0xf32f0964cea0>], 'kr': 'conden', 'metric_x': 'minkowski', 'metric_x_params': {'p': 1}, 'size_neighborhood': 147}"
6,linear,0.7498669135795353,0.552322442748425,0.5771865956583626,"{'fit_intercept': True, 'positive': False}"
6,poly_ridge,0.7466170865625085,0.5406938531286668,0.5808434923083625,"{'poly__degree': 3, 'poly__interaction_only': True, 'ridge__alpha': 100.0}"
6,knn,0.5688499327363364,0.36384542357163646,0.7566811326968349,"{'leaf_size': 15, 'n_neighbors': 19, 'p': 1, 'weights': 'distance'}"
6,lpr,0.566342403267378,0.36269055661258964,0.7588215372195819,"{'degree': 0, 'kp': <function tricube_normalized_metric at 0xf32fb28fd9e0>, 'kr': 'none', 'metric_x': 'minkowski', 'metric_x_params': {'p': 1}, 'size_neighborhood': 37}"
6,rsklpr,0.5738536947449256,0.3762741197584396,0.7523817053414859,"{'degree': 1, 'kp': <function laplacian_normalized_metric at 0xf32fb28fd940>, 'kr': 'joint', 'metric_x': 'minkowski', 'metric_x_params': {'p': 1}, 'size_neighborhood': 147}"
6,gclpr_geo,0.5273737367486424,0.34331809590537843,0.7908695075422625,"{'degree': 1, 'kp': [<function tricube_normalized_metric at 0xf32fb28fd9e0>, <function haversine_rbf_kernel_factory.<locals>.<lambda> at 0xf32f0964dda0>], 'kr': 'none', 'metric_x': 'minkowski', 'metric_x_params': {'p': 1}, 'size_neighborhood': 117}"
6,grclpr_geo,0.5251105311492679,0.3358663336023967,0.7926606081686377,"{'degree': 1, 'kp': [<function tricube_normalized_metric at 0xf32fb28fd9e0>, <function haversine_rbf_kernel_factory.<locals>.<lambda> at 0xf32f0964dda0>], 'kr': 'joint', 'metric_x': 'minkowski', 'metric_x_params': {'p': 1}, 'size_neighborhood': 57}"
7,linear,0.7392012769034206,0.5377361460249902,0.594263637305595,"{'fit_intercept': True, 'positive': False}"
7,poly_ridge,0.7211265844220908,0.5202156240124386,0.6138629031123695,"{'poly__degree': 3, 'poly__interaction_only': True, 'ridge__alpha': 100.0}"
7,knn,0.5284169236620138,0.3530594024336422,0.7926653196826277,"{'leaf_size': 15, 'n_neighbors': 21, 'p': 1, 'weights': 'distance'}"
7,lpr,0.5284503706812819,0.3528468465613937,0.7926390716719774,"{'degree': 0, 'kp': <function tricube_normalized_metric at 0xf32fb28fd9e0>, 'kr': 'none', 'metric_x': 'minkowski', 'metric_x_params': {'p': 1}, 'size_neighborhood': 37}"
7,rsklpr,0.5415747121005791,0.3609120865640049,0.7822113365102235,"{'degree': 1, 'kp': <function laplacian_normalized_metric at 0xf32fb28fd940>, 'kr': 'joint', 'metric_x': 'minkowski', 'metric_x_params': {'p': 1}, 'size_neighborhood': 147}"
7,gclpr_geo,0.5361243091456155,0.36222102677585016,0.7865729242618268,"{'degree': 1, 'kp': [<function laplacian_normalized_metric at 0xf32fb28fd940>, <function haversine_rbf_kernel_factory.<locals>.<lambda> at 0xf32f0964d120>], 'kr': 'none', 'metric_x': 'minkowski', 'metric_x_params': {'p': 2}, 'size_neighborhood': 147}"
7,grclpr_geo,0.5219380834385658,0.34910245569181736,0.797718349891652,"{'degree': 1, 'kp': [<function laplacian_normalized_metric at 0xf32fb28fd940>, <function haversine_rbf_kernel_factory.<locals>.<lambda> at 0xf32f0964d120>], 'kr': 'conden', 'metric_x': 'minkowski', 'metric_x_params': {'p': 1}, 'size_neighborhood': 127}"
8,linear,0.7152411530583366,0.534937285578941,0.6120270139771542,"{'fit_intercept': True, 'positive': False}"
8,poly_ridge,0.6977760898046323,0.5187335425036093,0.6307430607764958,"{'poly__degree': 3, 'poly__interaction_only': True, 'ridge__alpha': 100.0}"
8,knn,0.5129680851067355,0.3429921739934652,0.8004383023712084,"{'leaf_size': 15, 'n_neighbors': 19, 'p': 1, 'weights': 'distance'}"
8,lpr,0.5158539221106607,0.3454946917874935,0.7981866126696423,"{'degree': 0, 'kp': <function tricube_normalized_metric at 0xf32fb28fd9e0>, 'kr': 'none', 'metric_x': 'minkowski', 'metric_x_params': {'p': 1}, 'size_neighborhood': 47}"
8,rsklpr,0.5394154116199597,0.3593719289618078,0.7793300487357259,"{'degree': 1, 'kp': <function laplacian_normalized_metric at 0xf32fb28fd940>, 'kr': 'joint', 'metric_x': 'minkowski', 'metric_x_params': {'p': 1}, 'size_neighborhood': 147}"
8,gclpr_geo,0.5309778116505578,0.36081352180059245,0.7861795473223523,"{'degree': 1, 'kp': [<function laplacian_normalized_metric at 0xf32fb28fd940>, <function haversine_rbf_kernel_factory.<locals>.<lambda> at 0xf32f0964d120>], 'kr': 'none', 'metric_x': 'minkowski', 'metric_x_params': {'p': 2}, 'size_neighborhood': 147}"
8,grclpr_geo,0.512491037071309,0.33984109768969456,0.8008093049792182,"{'degree': 1, 'kp': [<function tricube_normalized_metric at 0xf32fb28fd9e0>, <function haversine_rbf_kernel_factory.<locals>.<lambda> at 0xf32f0964e020>], 'kr': 'conden', 'metric_x': 'minkowski', 'metric_x_params': {'p': 1}, 'size_neighborhood': 147}"
9,linear,0.755256854048549,0.5478356361832897,0.5732848519733111,"{'fit_intercept': True, 'positive': False}"
9,poly_ridge,0.7367424846857892,0.5296030275975991,0.5939494168063072,"{'poly__degree': 3, 'poly__interaction_only': True, 'ridge__alpha': 100.0}"
9,knn,0.5649977634467208,0.36119336224211435,0.761195686547022,"{'leaf_size': 15, 'n_neighbors': 19, 'p': 1, 'weights': 'distance'}"
9,lpr,0.5693788845297659,0.3659561748461838,0.7574778418569004,"{'degree': 0, 'kp': <function tricube_normalized_metric at 0xf32fb28fd9e0>, 'kr': 'none', 'metric_x': 'minkowski', 'metric_x_params': {'p': 1}, 'size_neighborhood': 47}"
9,rsklpr,0.5701087189368869,0.3789195118256387,0.7568557097021161,"{'degree': 1, 'kp': <function laplacian_normalized_metric at 0xf32fb28fd940>, 'kr': 'conden', 'metric_x': 'minkowski', 'metric_x_params': {'p': 1}, 'size_neighborhood': 147}"
9,gclpr_geo,0.5506156611887781,0.36752271652530366,0.773198548568524,"{'degree': 1, 'kp': [<function laplacian_normalized_metric at 0xf32fb28fd940>, <function haversine_rbf_kernel_factory.<locals>.<lambda> at 0xf32f0964d120>], 'kr': 'none', 'metric_x': 'minkowski', 'metric_x_params': {'p': 1}, 'size_neighborhood': 137}"
9,grclpr_geo,0.5400655910493457,0.35538008572733665,0.7818065415610023,"{'degree': 1, 'kp': [<function tricube_normalized_metric at 0xf32fb28fd9e0>, <function haversine_rbf_kernel_factory.<locals>.<lambda> at 0xf32f0964e020>], 'kr': 'conden', 'metric_x': 'minkowski', 'metric_x_params': {'p': 1}, 'size_neighborhood': 147}"
10,linear,0.7632371897883597,0.5619852310575925,0.5701396888046748,"{'fit_intercept': True, 'positive': False}"
10,poly_ridge,0.749032842461294,0.5478367319243288,0.5859907714535285,"{'poly__degree': 3, 'poly__interaction_only': True, 'ridge__alpha': 100.0}"
10,knn,0.5519406719576702,0.36557215834957285,0.7752016614633805,"{'leaf_size': 15, 'n_neighbors': 21, 'p': 1, 'weights': 'distance'}"
10,lpr,0.6287787872454863,0.42945436230119455,0.7082545681430765,"{'degree': 0, 'kp': <function laplacian_normalized_metric at 0xf32fb28fd940>, 'kr': 'none', 'metric_x': 'mahalanobis', 'metric_x_params': None, 'size_neighborhood': 67}"
10,rsklpr,0.5657929749455475,0.38221952361225126,0.7637763352727602,"{'degree': 1, 'kp': <function laplacian_normalized_metric at 0xf32fb28fd940>, 'kr': 'joint', 'metric_x': 'minkowski', 'metric_x_params': {'p': 1}, 'size_neighborhood': 147}"
10,gclpr_geo,0.5582250927617055,0.38184521637322155,0.7700533905873725,"{'degree': 1, 'kp': [<function laplacian_normalized_metric at 0xf32fb28fd940>, <function haversine_rbf_kernel_factory.<locals>.<lambda> at 0xf32f0964d120>], 'kr': 'none', 'metric_x': 'minkowski', 'metric_x_params': {'p': 2}, 'size_neighborhood': 147}"
10,grclpr_geo,0.5607164113761651,0.38049234829528583,0.7679963400703015,"{'degree': 1, 'kp': [<function laplacian_normalized_metric at 0xf32fb28fd940>, <function haversine_rbf_kernel_factory.<locals>.<lambda> at 0xf32f0964d120>], 'kr': 'conden', 'metric_x': 'minkowski', 'metric_x_params': {'p': 2}, 'size_neighborhood': 147}"
